metric_date,campaign_id,impressions,clicks,spend,conversions,revenue
2026-04-01,101,10569,390,401.31,32,2040
2026-04-02,101,10833,422,434.24,37,2580.75
2026-04-03,101,11047,452,465.11,43,3257.25
2026-04-04,101,9635,414,426.01,42,3433.5
2026-04-05,101,9714,437,449.67,47,4124.25
2026-04-06,101,11320,532,547.43,60,5625
2026-04-07,101,11276,553,569.04,66,4207.5
2026-04-08,101,11164,570,586.53,71,4952.25
2026-04-09,101,10990,584,600.94,48,3636
2026-04-10,101,10760,397,408.51,35,2861.25
2026-04-11,101,9016,351,361.18,33,2895.75
2026-04-12,101,8748,358,368.38,36,3375
2026-04-13,101,9838,423,435.27,45,2868.75
2026-04-14,101,9493,427,439.38,48,3348
2026-04-15,101,9153,430,442.47,51,3863.25
2026-04-16,101,8830,433,445.56,54,4414.5
2026-04-17,101,8537,436,448.64,36,3159
2026-04-18,101,7127,378,388.96,33,3093.75
2026-04-19,101,6956,257,264.45,24,1530
2026-04-20,101,7951,309,317.96,31,2162.25
2026-04-21,101,7878,323,332.37,34,2575.5
2026-04-22,101,7874,338,347.8,38,3106.5
2026-04-23,101,7938,357,367.35,42,3685.5
2026-04-24,101,8068,379,389.99,47,4406.25
2026-04-25,101,7103,348,358.09,29,1848.75
2026-04-26,101,7313,374,384.85,33,2301.75
2026-04-27,101,8792,467,480.54,44,3333
2026-04-28,101,9111,336,345.74,34,2779.5
2026-04-29,101,9451,368,378.67,39,3422.25
2026-04-30,101,9795,401,412.63,45,4218.75
2026-05-01,101,10132,435,447.61,52,3315
2026-05-02,101,8985,404,415.72,50,3487.5
2026-05-03,101,9227,434,446.59,36,2727
2026-05-04,101,10965,538,553.6,48,3924
2026-05-05,101,11146,569,585.5,54,4738.5
2026-05-06,101,11266,598,615.34,60,5625
2026-05-07,101,11318,418,430.12,45,2868.75
2026-05-08,101,11303,440,452.76,50,3487.5
2026-05-09,101,9648,395,406.45,47,3560.25
2026-05-10,101,9520,409,420.86,51,4169.25
2026-05-11,101,10862,489,503.18,40,3510
2026-05-12,101,10604,499,513.47,44,4125
2026-05-13,101,10306,506,520.67,48,3060
2026-05-14,101,9979,510,524.79,51,3557.25
2026-05-15,101,9637,512,950,0,0
2026-05-16,101,7992,295,303.55,33,2697.75
2026-05-17,101,7707,300,308.7,36,3159
2026-05-18,101,8655,354,364.27,44,4125
2026-05-19,101,8385,360,370.44,30,1912.5
2026-05-20,101,8164,367,377.64,32,2232
2026-05-21,101,8000,376,386.9,36,2727
2026-05-22,101,7900,387,398.22,39,3188.25
2026-05-23,101,6766,346,356.03,37,3246.75
2026-05-24,101,6797,361,371.47,41,3843.75
2026-05-25,101,8006,295,303.55,35,2231.25
2026-05-26,101,8173,318,327.22,40,2790
2026-05-27,101,8396,344,353.98,28,2121
2026-05-28,101,8667,372,382.79,33,2697.75
2026-05-29,101,8975,404,415.72,38,3334.5
2026-05-30,101,8005,376,386.9,38,3562.5
2026-05-31,101,8301,407,418.8,43,2741.25
2026-06-01,101,9994,510,524.79,58,4045.5
2026-06-02,101,10320,548,563.89,65,4923.75
2026-06-03,101,10616,392,403.37,49,4005.75
2026-06-04,101,10873,423,435.27,35,3071.25
2026-06-05,101,11078,454,467.17,40,3750
2026-06-06,101,9652,415,427.03,39,2486.25
2026-06-07,101,9722,437,449.67,44,3069
2026-06-08,101,11318,532,547.43,57,4317.75
2026-06-09,101,11262,552,568.01,62,5068.5
2026-06-10,101,11139,569,585.5,68,5967
2026-06-11,101,10955,582,598.88,73,6843.75
2026-06-12,101,10717,395,406.45,33,2103.75
2026-06-13,101,8973,349,359.12,31,2162.25
2026-06-14,101,8701,356,366.32,34,2575.5
2026-06-15,101,9780,420,432.18,42,3433.5
2026-04-03,102,10648,244,186.22,13,828.75
2026-04-04,102,9338,226,172.48,13,906.75
2026-04-05,102,9470,241,183.93,15,1136.25
2026-04-06,102,11103,297,226.67,19,1553.25
2026-04-07,102,11127,312,238.12,21,1842.75
2026-04-08,102,11083,324,247.28,23,2156.25
2026-04-09,102,10973,335,255.67,25,1593.75
2026-04-10,102,10802,343,261.78,27,1883.25
2026-04-11,102,9096,301,229.72,16,1212
2026-04-12,102,8862,203,154.93,11,899.25
2026-04-13,102,9999,242,184.69,15,1316.25
2026-04-14,102,9670,246,187.75,16,1500
2026-04-15,102,9331,250,190.8,17,1083.75
2026-04-16,102,8996,252,192.33,18,1255.5
2026-04-17,102,8679,254,193.85,19,1439.25
2026-04-18,102,7217,220,167.9,17,1389.75
2026-04-19,102,7005,223,170.19,12,1053
2026-04-20,102,7951,263,200.72,15,1406.25
2026-04-21,102,7815,179,136.61,11,701.25
2026-04-22,102,7743,188,143.48,12,837
2026-04-23,102,7739,197,150.35,13,984.75
2026-04-24,102,7802,209,159.51,15,1226.25
2026-04-25,102,6820,191,145.77,14,1228.5
2026-04-26,102,6982,204,155.69,16,1500
2026-04-27,102,8358,255,194.62,13,828.75
2026-04-28,102,8641,275,209.88,15,1046.25
2026-04-29,102,8956,296,225.91,18,1363.5
2026-04-30,102,9289,213,162.56,14,1144.5
2026-05-01,102,9628,233,177.83,16,1404
2026-05-02,102,8565,218,166.38,16,1500
2026-05-03,102,8831,236,180.12,18,1147.5
2026-05-04,102,10545,295,225.14,23,1604.25
2026-05-05,102,10777,315,240.41,17,1287.75
2026-05-06,102,10955,334,254.91,19,1553.25
2026-05-07,102,11073,352,268.65,21,1842.75
2026-05-08,102,11125,368,280.86,24,2250
2026-05-09,102,9554,219,167.14,15,956.25
2026-05-10,102,9483,230,175.54,17,1185.75
2026-05-11,102,10881,277,211.41,21,1590.75
2026-05-12,102,10677,286,218.28,23,1880.25
2026-05-13,102,10423,292,222.85,15,1316.25
2026-05-14,102,10130,296,225.91,17,1593.75
2026-05-15,102,9808,299,228.2,18,1147.5
2026-05-16,102,8146,259,197.67,17,1185.75
2026-05-17,102,7855,260,198.43,18,1363.5
2026-05-18,102,8808,202,154.17,14,1144.5
2026-05-19,102,8507,206,157.22,16,1404
2026-05-20,102,8242,210,160.27,17,1593.75
2026-05-21,102,8025,215,164.09,11,701.25
2026-05-22,102,7864,220,1300,12,837
2026-05-23,102,6678,195,148.82,12,909
2026-05-24,102,6650,203,154.93,13,1062.75
2026-05-25,102,7768,247,188.51,17,1491.75
2026-05-26,102,7870,260,198.43,19,1781.25
2026-05-27,102,8033,184,140.43,14,892.5
2026-05-28,102,8253,200,152.64,16,1116
2026-05-29,102,8519,217,165.61,11,833.25
2026-05-30,102,7587,203,154.93,11,899.25
2026-05-31,102,7868,220,167.9,13,1140.75
2026-06-01,102,9487,278,212.17,18,1687.5
2026-06-02,102,9823,300,228.96,20,1275
2026-06-03,102,10143,322,245.75,23,1604.25
2026-06-04,102,10435,345,263.3,26,1969.5
2026-06-05,102,10687,245,186.98,19,1553.25
2026-06-06,102,9364,227,173.25,12,1053
2026-06-07,102,9487,242,184.69,14,1312.5
2026-06-08,102,11111,297,226.67,18,1147.5
2026-06-09,102,11124,311,237.36,20,1395
2026-06-10,102,11069,324,247.28,22,1666.5
2026-06-11,102,10949,334,254.91,24,1962
2026-06-12,102,10768,342,261.01,26,2281.5
2026-06-13,102,9059,299,228.2,24,2250
2026-06-14,102,8820,203,154.93,11,701.25
2026-06-15,102,9945,241,183.93,14,976.5
2026-06-16,102,9613,245,186.98,15,1136.25
2026-06-17,102,9274,248,189.27,16,1308
2026-06-18,102,8941,250,190.8,17,1491.75
2026-06-19,102,8628,252,192.33,18,1687.5
2026-06-20,102,7178,219,167.14,17,1083.75
2026-04-05,103,10135,233,191.25,12,183.6
2026-04-06,103,11952,289,237.21,16,267.84
2026-04-07,103,12050,307,251.99,18,327.24
2026-04-08,103,12077,323,265.12,21,412.02
2026-04-09,103,12029,337,276.61,23,484.38
2026-04-10,103,11910,348,285.64,25,562.5
2026-04-11,103,10083,308,252.81,23,351.9
2026-04-12,103,9872,314,257.73,25,418.5
2026-04-13,103,11185,370,303.7,19,345.42
2026-04-14,103,10852,249,204.38,14,274.68
2026-04-15,103,10495,254,208.48,15,315.9
2026-04-16,103,10127,258,211.77,17,382.5
2026-04-17,103,9764,261,214.23,18,275.4
2026-04-18,103,8101,227,186.32,16,267.84
2026-04-19,103,7833,229,187.96,17,309.06
2026-04-20,103,8841,270,221.62,21,412.02
2026-04-21,103,8629,274,224.9,14,294.84
2026-04-22,103,8482,280,229.82,16,360
2026-04-23,103,8404,193,158.41,12,183.6
2026-04-24,103,8400,203,166.62,13,217.62
2026-04-25,103,7283,186,152.67,13,236.34
2026-04-26,103,7402,198,162.52,14,274.68
2026-04-27,103,8811,247,202.74,19,400.14
2026-04-28,103,9072,265,217.51,21,472.5
2026-04-29,103,9379,286,234.75,15,229.5
2026-04-30,103,9720,309,253.63,17,284.58
2026-05-01,103,10082,333,273.33,20,363.6
2026-05-02,103,8987,206,169.08,13,255.06
2026-05-03,103,9296,225,184.68,15,315.9
2026-05-04,103,11145,284,233.11,20,450
2026-05-05,103,11445,306,251.16,23,351.9
2026-05-06,103,11697,328,269.22,26,435.24
2026-05-07,103,11891,348,285.64,18,327.24
2026-05-08,103,12018,367,301.23,21,412.02
2026-05-09,103,10384,330,270.86,20,421.2
2026-05-10,103,10370,343,281.53,22,495
2026-05-11,103,11968,275,225.72,19,290.7
2026-05-12,103,11809,286,234.75,21,351.54
2026-05-13,103,11588,295,242.14,22,399.96
2026-05-14,103,11313,303,248.7,24,470.88
2026-05-15,103,10994,308,252.81,16,336.96
2026-05-16,103,9155,268,219.97,15,337.5
2026-05-17,103,8841,270,221.62,16,244.8
2026-05-18,103,9914,315,258.55,20,334.8
2026-05-19,103,9560,316,259.37,21,381.78
2026-05-20,103,9233,212,174.01,15,294.3
2026-05-21,103,8946,217,178.11,16,336.96
2026-05-22,103,8710,222,182.22,18,405
2026-05-23,103,7340,196,160.88,10,153
2026-05-24,103,7248,203,166.62,11,184.14
2026-05-25,103,8393,246,201.92,15,272.7
2026-05-26,103,8431,257,210.95,16,313.92
2026-05-27,103,8541,271,222.44,18,379.08
2026-05-28,103,8719,288,236.39,21,472.5
2026-05-29,103,8957,206,169.08,16,244.8
2026-05-30,103,7952,193,158.41,15,251.1
2026-05-31,103,8235,210,172.37,11,199.98
2026-06-01,103,9930,266,218.33,15,294.3
2026-06-02,103,10297,288,236.39,17,358.02
2026-06-03,103,10662,312,256.09,20,450
2026-06-04,103,11009,336,275.79,23,351.9
2026-06-05,103,11326,360,295.49,26,435.24
2026-04-07,104,12892,296,260.01,16,748
2026-04-08,104,12998,315,276.7,18,920.7
2026-04-09,104,13026,332,291.63,20,1111
2026-04-10,104,12975,347,304.8,22,1318.9
2026-04-11,104,11048,309,271.43,21,1351.35
2026-04-12,104,10876,318,279.33,23,1581.25
2026-04-13,104,12382,378,332.04,29,1355.75
2026-04-14,104,12064,383,336.43,30,1534.5
2026-04-15,104,11706,387,339.94,20,1111
2026-04-16,104,11320,260,228.38,15,899.25
2026-04-17,104,10924,265,232.78,16,1029.6
2026-04-18,104,9058,231,202.91,15,1031.25
2026-04-19,104,8738,234,205.55,16,748
2026-04-20,104,9824,275,241.56,20,1023
2026-04-21,104,9536,279,245.07,21,1166.55
2026-04-22,104,9308,284,249.47,23,1378.85
2026-04-23,104,9149,291,255.61,15,965.25
2026-04-24,104,9065,300,263.52,17,1168.75
2026-04-25,104,7792,179,157.23,11,514.25
2026-04-26,104,7856,190,166.9,12,613.8
2026-04-27,104,9284,237,208.18,16,888.8
2026-04-28,104,9504,254,223.11,18,1079.1
2026-04-29,104,9786,274,240.68,21,1351.35
2026-04-30,104,10117,296,260.01,24,1650
2026-05-01,104,10485,320,281.09,17,794.75
2026-05-02,104,9352,297,260.88,17,869.55
2026-05-03,104,9694,320,281.09,19,1055.45
2026-05-04,104,11659,268,235.41,17,1019.15
2026-05-05,104,12022,291,255.61,20,1287
2026-05-06,104,12346,315,276.7,23,1581.25
2026-05-07,104,12617,337,296.02,25,1168.75
2026-05-08,104,12826,359,315.35,29,1483.35
2026-05-09,104,11149,326,286.36,17,944.35
2026-05-10,104,11201,342,300.41,19,1139.05
2026-05-11,104,13006,413,362.78,25,1608.75
2026-05-12,104,12909,427,375.08,27,1856.25
2026-05-13,104,12738,292,256.49,20,935
2026-05-14,104,12499,303,266.16,22,1125.3
2026-05-15,104,12202,311,273.18,24,1333.2
2026-05-16,104,10199,273,239.8,22,1318.9
2026-05-17,104,9875,277,243.32,15,965.25
2026-05-18,104,11089,324,284.6,18,1237.5
2026-05-19,104,10694,326,286.36,20,935
2026-05-20,104,10312,328,288.12,21,1074.15
2026-05-21,104,9959,329,288.99,22,1222.1
2026-05-22,104,9649,222,195,16,959.2
2026-05-23,104,8080,196,172.17,15,965.25
2026-05-24,104,7917,202,177.44,16,1100
2026-05-25,104,9091,243,213.45,13,607.75
2026-05-26,104,9053,253,222.24,14,716.1
2026-05-27,104,9094,266,233.65,16,888.8
2026-05-28,104,9213,281,246.83,18,1079.1
2026-05-29,104,9405,299,262.64,20,1287
2026-05-30,104,8309,275,241.56,20,1375
2026-05-31,104,8577,197,173.04,15,701.25
2026-06-01,104,10328,250,219.6,20,1023
2026-06-02,104,10711,273,239.8,14,777.7
2026-06-03,104,350,18,42,1,60
2026-06-04,104,11500,322,282.84,19,1222.65
2026-06-05,104,11875,347,304.8,22,1512.5
2026-06-06,104,10506,321,281.97,22,1028.5
2026-06-07,104,10760,342,300.41,25,1278.75
2026-06-08,104,12747,421,369.81,32,1777.6
2026-06-09,104,12915,297,260.88,24,1438.8
2026-06-10,104,13009,315,276.7,17,1093.95
2026-06-11,104,13023,332,291.63,19,1306.25
2026-06-12,104,12959,347,304.8,21,981.75
2026-06-13,104,11024,309,271.43,20,1023
2026-06-14,104,10842,317,278.45,22,1222.1
2026-06-15,104,12332,376,330.28,27,1618.65
2026-06-16,104,12007,382,335.55,29,1866.15
2026-06-17,104,11642,385,338.18,31,2131.25
2026-06-18,104,11254,258,226.63,14,654.5
2026-06-19,104,10857,263,231.02,15,767.25
2026-06-20,104,9002,229,201.15,14,777.7
2026-06-21,104,8687,232,203.79,15,899.25
2026-06-22,104,9772,274,240.68,19,1222.65
2026-06-23,104,9493,278,244.2,20,1375
2026-06-24,104,9276,283,248.59,21,981.75
2026-06-25,104,9130,290,254.74,23,1176.45
2026-04-01,105,21630,177,66.91,5,318.75
2026-04-02,105,22403,194,73.33,5,348.75
2026-04-03,105,23146,211,79.76,6,454.5
2026-04-04,105,20492,196,74.09,6,490.5
2026-04-05,105,21004,210,79.38,7,614.25
2026-04-06,105,24906,260,98.28,9,843.75
2026-04-07,105,25259,275,103.95,10,637.5
2026-04-08,105,25467,289,109.24,11,767.25
2026-04-09,105,25522,301,113.78,8,606
2026-04-10,105,25422,208,78.62,6,490.5
2026-04-11,105,21646,187,70.69,6,526.5
2026-04-12,105,21309,194,73.33,6,562.5
2026-04-13,105,24260,232,87.7,8,510
2026-04-14,105,23637,236,89.21,8,558
2026-04-15,105,22934,240,90.72,9,681.75
2026-04-16,105,22179,242,91.48,10,817.5
2026-04-17,105,21403,243,91.85,6,526.5
2026-04-18,105,17746,209,79,6,562.5
2026-04-19,105,17120,140,52.92,4,255
2026-04-20,105,19248,166,62.75,5,348.75
2026-04-21,105,18683,170,64.26,6,454.5
2026-04-22,105,18237,174,65.77,6,490.5
2026-04-23,105,17925,179,67.66,7,614.25
2026-04-24,105,17761,186,70.31,7,656.25
2026-04-25,105,15266,166,62.75,4,255
2026-04-26,105,15391,175,66.15,5,348.75
2026-04-27,105,18190,215,81.27,6,454.5
2026-04-28,105,18621,153,57.83,5,408.75
2026-04-29,105,19172,166,62.75,6,526.5
2026-04-30,105,19821,180,68.04,6,562.5
2026-05-01,105,20542,196,74.09,7,446.25
2026-05-02,105,18324,183,69.17,7,488.25
2026-05-03,105,18992,198,74.84,5,378.75
2026-05-04,105,22843,249,94.12,7,572.25
2026-05-05,105,23554,267,100.93,8,702
2026-05-06,105,24188,285,107.73,9,843.75
2026-05-07,105,24720,203,76.73,7,446.25
2026-05-08,105,25129,217,82.03,8,558
2026-05-09,105,21843,199,75.22,8,606
2026-05-10,105,21945,210,79.38,8,654
2026-05-11,105,25482,255,96.39,7,614.25
2026-05-12,105,25293,264,99.79,7,656.25
2026-05-13,105,24957,272,102.82,8,510
2026-05-14,105,24489,278,105.08,9,627.75
2026-05-15,105,23907,282,106.6,10,757.5
2026-05-16,105,19982,164,61.99,6,490.5
2026-05-17,105,19348,167,63.13,6,526.5
2026-05-18,105,21726,198,74.84,8,750
2026-05-19,105,20951,200,75.6,5,318.75
2026-05-20,105,20203,202,76.36,6,418.5
2026-05-21,105,19512,204,77.11,6,454.5
2026-05-22,105,18905,206,77.87,7,572.25
2026-05-23,105,15830,180,68.04,6,526.5
2026-05-24,105,15512,183,69.17,7,656.25
2026-05-25,105,17811,146,55.19,6,382.5
2026-05-26,105,17737,153,57.83,6,418.5
2026-05-27,105,17818,162,61.24,4,303
2026-05-28,105,18051,172,65.02,5,408.75
2026-05-29,105,18426,184,69.55,6,526.5
2026-05-30,105,16280,170,64.26,5,468.75
2026-05-31,105,16805,183,69.17,6,382.5
2026-04-10,106,15951,235,126.67,6,91.8
2026-04-11,106,14172,221,119.12,6,100.44
2026-04-12,106,14590,239,128.82,7,127.26
2026-04-13,106,17389,299,161.16,10,196.2
2026-04-14,106,17733,319,171.94,11,231.66
2026-04-15,106,17984,338,182.18,12,270
2026-04-16,106,18132,356,191.88,13,198.9
2026-04-17,106,18171,371,199.97,15,251.1
2026-04-18,106,15566,331,178.41,9,163.62
2026-04-19,106,15412,227,122.35,6,117.72
2026-04-20,106,17641,275,148.23,8,168.48
2026-04-21,106,17272,283,152.54,9,202.5
2026-04-22,106,16829,289,155.77,10,153
2026-04-23,106,16329,294,158.47,11,184.14
2026-04-24,106,15791,297,160.08,11,199.98
2026-04-25,106,13105,257,138.52,10,196.2
2026-04-26,106,12635,258,139.06,7,147.42
2026-04-27,106,14173,301,162.24,8,180
2026-04-28,106,13704,202,108.88,6,91.8
2026-04-29,106,13302,207,111.57,7,117.18
2026-04-30,106,12984,213,114.81,7,127.26
2026-05-01,106,12762,219,118.04,8,156.96
2026-05-02,106,10875,196,105.64,7,147.42
2026-05-03,106,10869,204,109.96,8,180
2026-05-04,106,12742,250,134.75,7,107.1
2026-05-05,106,12951,265,142.84,7,117.18
2026-05-06,106,13258,282,152,8,145.44
2026-05-07,106,13650,201,108.34,6,117.72
2026-05-08,106,14112,220,118.58,7,147.42
2026-05-09,106,12578,206,111.03,7,157.5
2026-05-10,106,13046,224,120.74,8,122.4
2026-05-11,106,15723,283,152.54,11,184.14
2026-05-12,106,16264,306,164.93,8,145.44
2026-05-13,106,16770,329,177.33,9,176.58
2026-05-14,106,17221,352,189.73,11,231.66
2026-05-15,106,17600,374,201.59,12,270
2026-05-16,106,15386,227,122.35,8,122.4
2026-05-17,106,15551,242,130.44,9,150.66
2026-05-18,106,18168,298,160.62,11,199.98
2026-05-19,106,18143,312,168.17,12,235.44
2026-05-20,106,18008,324,174.64,9,189.54
2026-05-21,106,17769,334,180.03,9,202.5
2026-05-22,106,17436,342,184.34,10,153
2026-05-23,106,14638,299,161.16,10,167.4
2026-05-24,106,14226,302,162.78,10,181.8
2026-05-25,106,16018,236,127.2,8,156.96
2026-05-26,106,15469,241,129.9,9,189.54
2026-05-27,106,14917,244,131.52,10,225
2026-05-28,106,14384,247,133.13,6,91.8
2026-05-29,106,13892,250,134.75,7,117.18
2026-05-30,106,11576,218,117.5,7,127.26
2026-05-31,106,11271,221,119.12,7,137.34
2026-06-01,106,12842,262,141.22,9,189.54
2026-06-02,106,12681,269,144.99,10,225
2026-06-03,106,12628,186,100.25,7,107.1
2026-06-04,106,12686,198,106.72,8,133.92
2026-06-05,106,12852,211,113.73,6,109.08
2026-06-06,106,11282,194,104.57,5,98.1
2026-06-07,106,11591,209,112.65,6,126.36
2026-06-08,106,13913,262,141.22,8,180
2026-06-09,106,14407,283,152.54,10,153
2026-06-10,106,14941,305,164.4,11,184.14
2026-06-11,106,15493,329,177.33,12,218.16
2026-06-12,106,16042,237,127.74,9,176.58
2026-06-13,106,14246,222,119.66,6,126.36
2026-06-14,106,14655,240,129.36,7,157.5
2026-06-15,106,17452,300,161.7,9,137.7
2026-06-16,106,17782,320,172.48,10,167.4
2026-06-17,106,18016,339,182.72,12,218.16
2026-06-18,106,18146,356,191.88,13,255.06
2026-06-19,106,18167,371,199.97,14,294.84
2026-06-20,106,15546,330,177.87,13,292.5
2026-06-21,106,15377,227,122.35,6,91.8
2026-06-22,106,17585,274,147.69,8,133.92
2026-06-23,106,17203,282,152,8,145.44
2026-06-24,106,16748,288,155.23,9,176.58
2026-06-25,106,16240,292,157.39,10,210.6
2026-06-26,106,15699,295,159.01,11,247.5
2026-06-27,106,13025,256,137.98,10,153
2026-06-28,106,12558,257,138.52,10,167.4
2026-06-29,106,14090,299,161.16,8,145.44
2026-04-01,107,6510,507,0,49,1749.3
2026-04-02,107,6702,551,0,58,2265.48
2026-04-03,107,6870,594,0,66,2799.72
2026-04-04,107,6025,547,0,65,2975.7
2026-04-05,107,6110,580,0,73,3587.22
2026-04-06,107,7163,711,0,95,4987.5
2026-04-07,107,7179,743,0,104,3712.8
2026-04-08,107,7150,771,0,114,4452.84
2026-04-09,107,7080,794,0,77,3266.34
2026-04-10,107,6969,543,0,57,2609.46
2026-04-11,107,5868,482,0,54,2653.56
2026-04-12,107,5718,494,0,59,3097.5
2026-04-13,107,6451,585,0,74,2641.8
2026-04-14,107,6239,593,0,79,3085.74
2026-04-15,107,6020,598,0,84,3563.28
2026-04-16,107,5804,601,0,89,4074.42
2026-04-17,107,5599,604,0,59,2899.26
2026-04-18,107,4656,522,0,55,2887.5
2026-04-19,107,4519,352,0,39,1392.3
2026-04-20,107,5130,422,0,50,1953
2026-04-21,107,5042,436,0,55,2333.1
2026-04-22,107,4996,453,0,60,2746.8
2026-04-23,107,4993,474,0,67,3292.38
2026-04-24,107,5034,500,0,74,3885
2026-04-25,107,4400,456,0,44,1570.8
2026-04-26,107,4504,486,0,51,1992.06
2026-04-27,107,5393,605,0,68,2884.56
2026-04-28,107,5575,434,0,52,2380.56
2026-04-29,107,5778,475,0,60,2948.4
2026-04-30,107,5993,518,0,69,3622.5
2026-05-01,107,6212,564,0,79,2820.3
2026-05-02,107,5526,525,0,77,3007.62
2026-05-03,107,5698,566,0,55,2333.1
2026-05-04,107,6803,704,0,74,3387.72
2026-05-05,107,6953,750,0,84,4127.76
2026-05-06,107,7068,792,0,94,4935
2026-05-07,107,7144,557,0,70,2499
2026-05-08,107,7178,590,0,79,3085.74
2026-05-09,107,6164,533,0,75,3181.5
2026-05-10,107,6118,555,0,82,3753.96
2026-05-11,107,7020,667,0,65,3194.1
2026-05-12,107,6888,684,0,72,3780
2026-05-13,107,6725,696,0,78,2784.6
2026-05-14,107,6535,705,0,84,3281.04
2026-05-15,107,6328,709,0,89,3775.38
2026-05-16,107,5256,409,0,54,2472.12
2026-05-17,107,5068,416,0,58,2850.12
2026-05-18,107,5683,491,0,72,3780
2026-05-19,107,5488,498,0,49,1749.3
2026-05-20,107,5318,505,0,53,2070.18
2026-05-21,107,5177,514,0,57,2417.94
2026-05-22,107,5073,525,0,62,2838.36
2026-05-23,107,4308,465,0,59,2899.26
2026-05-24,107,4290,481,0,64,3360
2026-05-25,107,5012,390,0,55,1963.5
2026-05-26,107,5077,417,0,62,2421.72
2026-05-27,107,5183,448,0,44,1866.48
2026-05-28,107,5325,483,0,51,2334.78
2026-05-29,107,5496,522,0,58,2850.12
2026-05-30,107,4895,486,0,58,3045
2026-05-31,107,5076,526,0,66,2356.2
2026-06-01,107,6121,660,0,88,3437.28
2026-06-02,107,6338,710,0,100,4242
2026-06-03,107,6544,510,0,75,3433.5
2026-06-04,107,6732,553,0,54,2653.56
2026-06-05,107,6895,596,0,62,3255
2026-06-06,107,6041,548,0,61,2177.7
2026-06-07,107,6121,581,0,69,2695.14
2026-06-08,107,7169,712,0,90,3817.8
2026-06-09,107,7177,743,0,99,4532.22
2026-06-10,107,7142,770,0,108,5307.12
2026-06-11,107,7064,792,0,117,6142.5
2026-06-12,107,6947,541,0,53,1892.1
2026-06-13,107,5845,480,0,50,1953
2026-06-14,107,5690,492,0,55,2333.1
2026-06-15,107,6416,582,0,69,3158.82
2026-06-16,107,6202,589,0,74,3636.36
2026-06-17,107,5983,594,0,79,4147.5
2026-06-18,107,5769,597,0,84,2998.8
2026-06-19,107,5567,600,0,89,3476.34
2026-06-20,107,4631,519,0,51,2163.42
2026-06-21,107,4499,350,0,37,1693.86
2026-06-22,107,5112,420,0,47,2309.58
2026-06-23,107,5031,435,0,52,2730
2026-06-24,107,4992,453,0,57,2034.9
2026-06-25,107,4997,475,0,63,2460.78
2026-06-26,107,5045,501,0,70,2969.4
2026-06-27,107,4416,457,0,67,3067.26
2026-06-28,107,4525,488,0,48,2358.72
2026-06-29,107,5422,608,0,64,3360
2026-04-15,108,7407,273,326.78,23,1466.25
2026-04-16,108,7592,296,354.31,26,1813.5
2026-04-17,108,7742,317,379.45,30,2272.5
2026-04-18,108,6753,290,347.13,29,2370.75
2026-04-19,108,6808,306,366.28,33,2895.75
2026-04-20,108,7934,373,446.48,42,3937.5
2026-04-21,108,7903,388,464.44,46,2932.5
2026-04-22,108,7825,400,478.8,50,3487.5
2026-04-23,108,7703,409,489.57,34,2575.5
2026-04-24,108,7542,278,332.77,25,2043.75
2026-04-25,108,6319,246,294.46,23,2018.25
2026-04-26,108,6131,251,300.45,25,2343.75
2026-04-27,108,6895,296,354.31,32,2040
2026-04-28,108,6653,299,357.9,34,2371.5
2026-04-29,108,6415,302,361.49,36,2727
2026-04-30,108,6188,304,363.89,38,3106.5
2026-05-01,108,5983,306,366.28,25,2193.75
2026-05-02,108,4995,265,317.21,23,2156.25
2026-05-03,108,4875,180,215.46,17,1083.75
2026-05-04,108,5572,217,259.75,22,1534.5
2026-05-05,108,5521,226,270.52,24,1818
2026-05-06,108,5518,237,283.69,27,2207.25
2026-05-07,108,5563,250,299.25,30,2632.5
2026-05-08,108,5655,266,318.4,33,3093.75
2026-05-09,108,4978,244,292.07,20,1275
2026-05-10,108,5126,262,313.61,23,1604.25
2026-05-11,108,6162,327,391.42,31,2348.25
2026-05-12,108,6386,236,282.49,24,1962
2026-05-13,108,6623,258,308.83,28,2457
2026-05-14,108,6865,281,336.36,32,3000
2026-05-15,108,7101,305,365.09,36,2295
2026-05-16,108,6297,283,338.75,35,2441.25
2026-05-17,108,6466,304,363.89,25,1893.75
2026-05-18,108,7685,377,451.27,33,2697.75
2026-05-19,108,7812,399,477.6,38,3334.5
2026-05-20,108,7895,419,501.54,42,3937.5
2026-05-21,108,7933,293,350.72,31,1976.25
2026-05-22,108,7921,308,368.68,35,2441.25
2026-05-23,108,6762,277,331.57,33,2499.75
2026-05-24,108,6672,287,343.54,36,2943
2026-05-25,108,7613,343,410.57,28,2457
2026-05-26,108,7432,349,417.75,31,2906.25
2026-05-27,108,7223,354,423.74,33,2103.75
2026-05-28,108,6994,357,427.33,36,2511
2026-05-29,108,6754,359,429.72,38,2878.5
2026-05-30,108,5601,207,247.78,23,1880.25
2026-05-31,108,5401,210,251.37,25,2193.75
2026-06-01,108,6066,248,296.86,31,2906.25
2026-06-02,108,5877,253,302.84,21,1338.75
2026-06-03,108,5722,257,307.63,23,1604.25
2026-06-04,108,5607,264,316.01,25,1893.75
2026-06-05,108,5537,272,325.58,27,2207.25
2026-06-06,108,4742,242,289.67,26,2281.5
2026-06-07,108,4763,253,302.84,29,2718.75
2026-06-08,108,5611,207,247.78,25,1593.75
2026-06-09,108,5728,223,266.93,28,1953
2026-06-10,108,5885,241,288.48,20,1515
2026-06-11,108,6075,261,312.42,23,1880.25
2026-06-12,108,6290,283,338.75,27,2369.25
2026-06-13,108,5610,264,316.01,27,2531.25
2026-06-14,108,5818,285,341.15,30,1912.5
2026-06-15,108,7004,358,428.53,40,2790
2026-06-16,108,7233,384,459.65,46,3484.5
2026-06-17,108,7441,275,329.18,34,2779.5
2026-06-18,108,7620,297,355.51,25,2193.75
2026-06-19,108,7764,318,380.65,28,2625
2026-06-20,108,6765,291,348.33,28,1785
2026-06-21,108,6814,307,367.48,31,2162.25
2026-06-22,108,7932,373,446.48,40,3030
2026-06-23,108,7893,387,463.24,44,3597
2026-06-24,108,7807,399,477.6,47,4124.25
2026-06-25,108,7678,408,488.38,51,4781.25
2026-06-26,108,7511,277,331.57,23,1466.25
2026-06-27,108,6289,245,293.27,22,1534.5
2026-06-28,108,6098,250,299.25,24,1818
2026-06-29,108,6854,295,353.12,30,2452.5
2026-04-12,109,9939,228,200.28,12,765
2026-04-13,109,11785,285,250.34,16,1116
2026-04-14,109,11952,305,267.91,18,1363.5
2026-04-15,109,12050,322,282.84,21,1716.75
2026-04-16,109,12077,338,296.9,23,2018.25
2026-04-17,109,12029,352,309.2,25,2343.75
2026-04-18,109,10243,313,274.94,24,1530
2026-04-19,109,10083,320,281.09,25,1743.75
2026-04-20,109,11479,379,332.91,20,1515
2026-04-21,109,11185,257,225.75,14,1144.5
2026-04-22,109,10852,263,231.02,16,1404
2026-04-23,109,10495,267,234.53,17,1593.75
2026-04-24,109,10127,271,238.05,18,1147.5
2026-04-25,109,8397,235,206.42,17,1185.75
2026-04-26,109,8101,237,208.18,18,1363.5
2026-04-27,109,9108,278,244.2,22,1798.5
2026-04-28,109,8841,281,246.83,15,1316.25
2026-04-29,109,8629,285,250.34,16,1500
2026-04-30,109,8482,195,171.29,12,765
2026-05-01,109,8404,204,179.19,13,906.75
2026-05-02,109,7224,184,161.63,12,909
2026-05-03,109,7283,195,171.29,14,1144.5
2026-05-04,109,8607,241,211.69,18,1579.5
2026-05-05,109,8811,258,226.63,20,1875
2026-05-06,109,9072,277,243.32,15,956.25
2026-05-07,109,9379,298,261.76,17,1185.75
2026-05-08,109,9720,321,281.97,19,1439.25
2026-05-09,109,8670,199,174.8,13,1062.75
2026-05-10,109,8987,218,191.49,15,1316.25
2026-05-11,109,10809,275,241.56,20,1875
2026-05-12,109,11145,298,261.76,23,1466.25
2026-05-13,109,11445,320,281.09,25,1743.75
2026-05-14,109,11697,342,300.41,18,1363.5
2026-05-15,109,11891,363,318.86,20,1635
2026-05-16,109,10336,328,288.12,20,1755
2026-05-17,109,10384,343,301.29,22,2062.5
2026-05-18,109,12058,277,243.32,19,1211.25
2026-05-19,109,11968,290,254.74,21,1464.75
2026-05-20,109,11809,301,264.4,23,1742.25
2026-05-21,109,11588,310,272.3,25,2043.75
2026-05-22,109,11313,317,278.45,17,1491.75
2026-05-23,109,9455,277,243.32,16,1500
2026-05-24,109,9155,279,245.07,17,1083.75
2026-05-25,109,10281,327,287.24,21,1464.75
2026-05-26,109,9914,328,288.12,22,1666.5
2026-05-27,109,9560,219,192.37,16,1308
2026-05-28,109,9233,224,196.76,17,1491.75
2026-05-29,109,8946,228,200.28,18,1687.5
2026-05-30,109,7491,200,175.68,11,701.25
2026-05-31,109,7340,206,180.95,12,837
2026-06-01,109,8428,247,216.96,15,1136.25
2026-06-02,109,8393,256,224.87,16,1308
2026-06-03,109,8431,268,235.41,18,1579.5
2026-06-04,109,8541,282,247.71,20,1875
2026-06-05,109,8719,200,175.68,15,956.25
2026-06-06,109,7703,187,164.26,15,1046.25
2026-06-07,109,7952,203,178.32,11,833.25
2026-06-08,109,9575,256,224.87,14,1144.5
2026-06-09,109,9930,278,244.2,17,1491.75
2026-06-10,109,10297,301,264.4,19,1781.25
2026-06-11,109,10662,325,285.48,22,1402.5
2026-06-12,109,11009,350,307.44,25,1743.75
2026-04-18,110,10932,251,162.65,13,198.9
2026-04-19,110,11087,269,174.31,15,251.1
2026-04-20,110,12998,331,214.49,20,363.6
2026-04-21,110,13026,348,225.5,22,431.64
2026-04-22,110,12975,363,235.22,25,526.5
2026-04-23,110,12847,376,243.65,27,607.5
2026-04-24,110,12647,386,250.13,29,443.7
2026-04-25,110,10649,338,219.02,27,451.98
2026-04-26,110,10375,343,222.26,18,327.24
2026-04-27,110,11706,269,174.31,15,294.3
2026-04-28,110,11320,274,177.55,16,336.96
2026-04-29,110,10924,278,180.14,18,405
2026-04-30,110,10532,282,182.74,19,290.7
2026-05-01,110,10161,285,184.68,20,334.8
2026-05-02,110,8449,247,160.06,19,345.42
2026-05-03,110,8201,250,162,20,392.4
2026-05-04,110,9308,296,191.81,16,336.96
2026-05-05,110,9149,302,195.7,17,382.5
2026-05-06,110,9065,208,134.78,13,198.9
2026-05-07,110,9060,219,141.91,14,234.36
2026-05-08,110,9134,233,150.98,16,290.88
2026-05-09,110,7985,214,138.67,15,294.3
2026-05-10,110,8174,229,148.39,17,358.02
2026-05-11,110,9786,286,185.33,23,517.5
2026-05-12,110,10117,309,200.23,16,244.8
2026-05-13,110,10485,333,215.78,19,318.06
2026-05-14,110,10875,359,232.63,22,399.96
2026-05-15,110,11272,259,167.83,17,333.54
2026-05-16,110,10027,243,157.46,16,336.96
2026-05-17,110,10339,263,170.42,19,427.5
2026-05-18,110,12346,330,213.84,25,382.5
2026-05-19,110,12617,353,228.74,28,468.72
2026-05-20,110,12826,375,243,20,363.6
2026-05-21,110,12963,396,256.61,22,431.64
2026-05-22,110,13024,414,268.27,25,526.5
2026-05-23,110,11185,370,239.76,24,540
2026-05-24,110,11102,255,165.24,17,260.1
2026-05-25,110,12738,309,200.23,22,368.28
2026-05-26,110,12499,318,206.06,24,436.32
2026-05-27,110,12202,326,211.25,26,510.12
2026-05-28,110,11859,332,215.14,17,358.02
2026-05-29,110,11483,336,217.73,19,427.5
2026-05-30,110,9537,291,188.57,18,275.4
2026-05-31,110,9196,292,189.22,19,318.06
2026-06-01,110,10312,341,220.97,23,418.14
2026-06-02,110,9959,229,148.39,16,313.92
2026-06-03,110,9649,234,151.63,18,379.08
2026-06-04,110,9395,239,154.87,19,427.5
2026-06-05,110,9206,246,159.41,13,198.9
2026-06-06,110,7818,219,141.91,12,200.88
2026-06-07,110,7785,228,147.74,14,254.52
2026-06-08,110,9094,278,180.14,18,353.16
2026-06-09,110,9213,293,189.86,20,421.2
2026-06-10,110,9405,311,201.53,22,495
2026-06-11,110,9662,222,143.86,17,260.1
2026-06-12,110,9974,242,156.82,19,318.06
2026-06-13,110,8882,226,146.45,12,218.16
2026-06-14,110,9211,246,159.41,14,274.68
2026-06-15,110,11107,311,201.53,19,400.14
2026-06-16,110,11500,336,217.73,22,495
2026-06-17,110,11875,362,234.58,25,382.5
2026-06-18,110,12217,388,251.42,28,468.72
2026-06-19,110,12511,413,267.62,31,563.58
2026-06-20,110,10963,252,163.3,20,392.4
2026-06-21,110,11107,269,174.31,14,294.84
2026-06-22,110,13009,331,214.49,19,427.5
2026-06-23,110,13023,348,225.5,21,321.3
2026-06-24,110,12959,363,235.22,23,385.02
2026-06-25,110,12818,375,243,25,454.5
2026-06-26,110,12606,385,249.48,28,549.36
2026-06-27,110,10606,337,218.38,25,526.5
2026-06-28,110,10326,341,220.97,27,607.5
2026-06-29,110,11642,267,173.02,14,214.2
2026-04-20,111,13832,318,224.38,17,794.75
2026-04-21,111,13946,338,238.49,19,971.85
2026-04-22,111,13976,356,251.19,21,1166.55
2026-04-23,111,13921,372,262.48,24,1438.8
2026-04-24,111,13784,386,272.36,26,1673.1
2026-04-25,111,11669,341,240.61,24,1650
2026-04-26,111,11425,349,246.25,26,1215.5
2026-04-27,111,12944,411,290,33,1687.95
2026-04-28,111,12559,415,292.82,22,1222.1
2026-04-29,111,12146,279,196.86,16,959.2
2026-04-30,111,11721,284,200.39,17,1093.95
2026-05-01,111,11300,288,203.21,18,1237.5
2026-05-02,111,9375,251,177.11,17,794.75
2026-05-03,111,9065,254,179.22,18,920.7
2026-05-04,111,10231,299,210.97,23,1277.65
2026-05-05,111,9987,305,215.21,24,1438.8
2026-05-06,111,9816,312,220.15,16,1029.6
2026-05-07,111,9726,321,226.5,18,1237.5
2026-05-08,111,9721,223,157.35,13,607.75
2026-05-09,111,8428,204,143.94,13,664.95
2026-05-10,111,8567,218,153.82,15,833.25
2026-05-11,111,10197,273,192.63,20,1199
2026-05-12,111,10499,294,207.45,22,1415.7
2026-05-13,111,10854,318,224.38,25,1718.75
2026-05-14,111,11249,343,242.02,18,841.5
2026-05-15,111,11668,371,261.78,21,1074.15
2026-05-16,111,10400,344,242.73,21,1166.55
2026-05-17,111,10758,247,174.28,16,959.2
2026-05-18,111,12898,312,220.15,21,1351.35
2026-05-19,111,13246,338,238.49,24,1650
2026-05-20,111,13537,362,255.43,27,1262.25
2026-05-21,111,13761,385,271.66,31,1585.65
2026-05-22,111,13909,407,287.18,21,1166.55
2026-05-23,111,12018,367,258.96,21,1258.95
2026-05-24,111,12001,381,268.83,23,1480.05
2026-05-25,111,13851,458,323.16,29,1993.75
2026-05-26,111,13667,314,221.56,21,981.75
2026-05-27,111,13411,325,229.32,23,1176.45
2026-05-28,111,13092,334,235.67,25,1388.75
2026-05-29,111,12724,340,239.9,27,1618.65
2026-05-30,111,10595,297,209.56,16,1029.6
2026-05-31,111,10232,299,210.97,17,1168.75
2026-06-01,111,11473,350,246.96,21,981.75
2026-06-02,111,11064,352,248.37,23,1176.45
2026-06-03,111,10685,353,249.08,24,1333.2
2026-06-04,111,10353,238,167.93,17,1019.15
2026-06-05,111,10080,244,172.17,18,1158.3
2026-06-06,111,8495,216,152.41,17,1168.75
2026-06-07,111,8388,224,158.05,12,561
2026-06-08,111,9713,272,191.92,15,767.25
2026-06-09,111,9757,285,201.1,17,944.35
2026-06-10,111,9885,302,213.09,19,1139.05
2026-06-11,111,10091,321,226.5,22,1415.7
2026-06-12,111,10366,342,241.32,25,1718.75
2026-06-13,111,9203,211,148.88,16,748
2026-06-14,111,9530,231,162.99,18,920.7
2026-06-15,111,11492,293,206.74,15,833.25
2026-06-16,111,11917,319,225.09,18,1079.1
2026-06-17,111,12339,345,243.43,21,1351.35
2026-06-18,111,12741,373,263.19,24,1650
2026-06-19,111,13107,400,282.24,27,1262.25
2026-06-20,111,11544,367,258.96,26,1329.9
2026-06-21,111,11762,389,274.48,29,1610.95
2026-06-22,111,13857,318,224.38,25,1498.75
2026-06-23,111,13957,338,238.49,18,1158.3
2026-06-24,111,13973,356,251.19,20,1375
2026-06-25,111,13904,372,262.48,22,1028.5
2026-06-26,111,13753,385,271.66,25,1278.75
2026-06-27,111,11632,340,239.9,23,1277.65
2026-06-28,111,11379,347,244.84,25,1498.75
2026-06-29,111,12882,409,288.59,31,1994.85
2026-04-08,112,19800,195,78.55,6,382.5
2026-04-09,112,20508,213,85.8,7,488.25
2026-04-10,112,21188,231,93.05,8,606
2026-04-11,112,18759,215,86.6,8,654
2026-04-12,112,19227,231,93.05,9,789.75
2026-04-13,112,22799,286,115.2,12,1125
2026-04-14,112,23122,302,121.65,13,828.75
2026-04-15,112,23312,318,128.09,14,976.5
2026-04-16,112,23362,331,133.33,10,757.5
2026-04-17,112,23271,229,92.24,7,572.25
2026-04-18,112,19815,206,82.98,7,614.25
2026-04-19,112,19506,213,85.8,8,750
2026-04-20,112,22207,254,102.31,10,637.5
2026-04-21,112,21637,260,104.73,11,767.25
2026-04-22,112,20994,263,105.94,11,833.25
2026-04-23,112,20303,266,107.14,12,981
2026-04-24,112,19592,267,107.55,8,702
2026-04-25,112,16245,230,92.64,7,656.25
2026-04-26,112,15672,154,62.03,5,318.75
2026-04-27,112,17619,183,73.71,7,488.25
2026-04-28,112,17103,187,75.32,7,530.25
2026-04-29,112,16694,191,76.93,8,654
2026-04-30,112,16408,197,79.35,9,789.75
2026-05-01,112,16258,204,82.17,9,843.75
2026-05-02,112,13975,183,73.71,5,318.75
2026-05-03,112,14089,192,77.34,6,418.5
2026-05-04,112,16651,236,95.06,8,606
2026-05-05,112,17046,168,67.67,6,490.5
2026-05-06,112,17550,182,73.31,7,614.25
2026-05-07,112,18144,198,79.75,8,750
2026-05-08,112,18804,215,86.6,9,573.75
2026-05-09,112,16773,201,80.96,9,627.75
2026-05-10,112,17385,218,87.81,7,530.25
2026-05-11,112,20910,274,110.37,9,735.75
2026-05-12,112,21561,294,118.42,10,877.5
2026-05-13,112,22142,314,126.48,11,1031.25
2026-05-14,112,22629,223,89.82,9,573.75
2026-05-15,112,23003,239,96.27,10,697.5
2026-05-16,112,19995,218,87.81,9,681.75
2026-05-17,112,20089,230,92.64,10,817.5
2026-05-18,112,23326,280,112.78,8,702
2026-05-19,112,23153,290,116.81,9,843.75
2026-05-20,112,22846,299,120.44,10,637.5
2026-05-21,112,22417,305,122.85,11,767.25
2026-05-22,112,21885,310,124.87,12,909
2026-05-23,112,18291,180,72.5,7,572.25
2026-05-24,112,17711,184,74.12,8,702
2026-05-25,112,19888,217,87.41,10,937.5
2026-05-26,112,19179,220,88.62,7,446.25
2026-05-27,112,18494,222,89.42,7,488.25
2026-05-28,112,24000,24,510,1,90
2026-05-29,112,17306,226,91.03,8,654
2026-05-30,112,14491,197,79.35,8,702
2026-05-31,112,14200,201,80.96,8,750
2026-06-01,112,16304,160,64.45,7,446.25
2026-06-02,112,16236,169,68.07,8,558
2026-06-03,112,16310,178,71.7,5,378.75
2026-06-04,112,16524,189,76.13,6,490.5
2026-06-05,112,16867,202,81.37,7,614.25
2026-06-06,112,14902,187,75.32,7,656.25
2026-06-07,112,15383,201,80.96,8,510
2026-06-08,112,18523,252,101.51,10,697.5
2026-06-09,112,19210,272,109.56,12,909
2026-06-10,112,19920,196,78.95,9,735.75
2026-06-11,112,20625,214,86.2,6,526.5
2026-06-12,112,21297,233,93.85,8,750
2026-06-13,112,18843,216,87,7,446.25
2026-06-14,112,19297,232,93.45,8,558
2026-06-15,112,22862,287,115.6,11,833.25
2026-06-16,112,23163,303,122.05,12,981
2026-06-17,112,23331,318,128.09,14,1228.5
2026-06-18,112,23357,331,133.33,15,1406.25
2026-04-02,113,16966,250,156.75,7,107.1
2026-04-03,113,17528,273,171.17,8,133.92
2026-04-04,113,15519,254,159.26,8,145.44
2026-04-05,113,15906,273,171.17,9,176.58
2026-04-06,113,18861,339,212.55,12,252.72
2026-04-07,113,19128,360,225.72,13,292.5
2026-04-08,113,19285,378,237.01,14,214.2
2026-04-09,113,19327,395,247.67,16,267.84
2026-04-10,113,19251,409,256.44,11,199.98
2026-04-11,113,16392,242,151.73,7,137.34
2026-04-12,113,16137,251,157.38,8,168.48
2026-04-13,113,18372,301,188.73,10,225
2026-04-14,113,17900,308,193.12,10,153
2026-04-15,113,17368,313,196.25,11,184.14
2026-04-16,113,16796,316,198.13,12,218.16
2026-04-17,113,16208,318,199.39,13,255.06
2026-04-18,113,13439,275,172.43,7,147.42
2026-04-19,113,12965,275,172.43,8,180
2026-04-20,113,14576,215,134.81,6,91.8
2026-04-21,113,14149,220,137.94,7,117.18
2026-04-22,113,13810,226,141.7,8,145.44
2026-04-23,113,13574,233,146.09,8,156.96
2026-04-24,113,13450,242,151.73,9,189.54
2026-04-25,113,11561,217,136.06,9,202.5
2026-04-26,113,11655,229,143.58,6,91.8
2026-04-27,113,13775,281,176.19,8,133.92
2026-04-28,113,14102,300,188.1,9,163.62
2026-04-29,113,14519,214,134.18,7,137.34
2026-04-30,113,15010,234,146.72,8,168.48
2026-05-01,113,15556,255,159.89,9,202.5
2026-05-02,113,13876,239,149.85,9,137.7
2026-05-03,113,14382,259,162.39,10,167.4
2026-05-04,113,17299,325,203.78,9,163.62
2026-05-05,113,17837,350,219.45,10,196.2
2026-05-06,113,18317,374,234.5,11,231.66
2026-05-07,113,18720,398,249.55,13,292.5
2026-05-08,113,19030,281,176.19,10,153
2026-05-09,113,16541,258,161.77,9,150.66
2026-05-10,113,16619,272,170.54,10,181.8
2026-05-11,113,19297,332,208.16,13,255.06
2026-05-12,113,19154,345,216.32,9,189.54
2026-05-13,113,18900,356,223.21,10,225
2026-05-14,113,18545,364,228.23,11,168.3
2026-05-15,113,18105,370,231.99,12,200.88
2026-05-16,113,15132,321,201.27,11,199.98
2026-05-17,113,14652,216,135.43,8,156.96
2026-05-18,113,16453,256,160.51,10,210.6
2026-05-19,113,15866,260,163.02,10,225
2026-05-20,113,15299,263,164.9,7,107.1
2026-05-21,113,14776,266,166.78,7,117.18
2026-05-22,113,14316,269,168.66,8,145.44
2026-05-23,113,11988,235,147.35,8,156.96
2026-05-24,113,11747,240,150.48,8,168.48
2026-05-25,113,13488,286,179.32,10,225
2026-05-26,113,13432,198,124.15,7,107.1
2026-05-27,113,13493,210,131.67,8,133.92
2026-05-28,113,13669,224,140.45,6,109.08
2026-05-29,113,13954,240,150.48,7,137.34
2026-05-30,113,12328,222,139.19,7,147.42
2026-04-25,114,3924,306,0,30,1071
2026-04-26,114,4040,332,0,35,1367.1
2026-04-27,114,4815,416,0,47,1993.74
2026-04-28,114,4910,445,0,53,2426.34
2026-04-29,114,4979,473,0,60,2948.4
2026-04-30,114,5020,498,0,66,3465
2026-05-01,114,5031,521,0,73,2606.1
2026-05-02,114,4310,465,0,69,2695.14
2026-05-03,114,4267,478,0,47,1993.74
2026-05-04,114,4885,381,0,40,1831.2
2026-05-05,114,4782,393,0,44,2162.16
2026-05-06,114,4660,403,0,48,2520
2026-05-07,114,4521,410,0,52,1856.4
2026-05-08,114,4372,415,0,55,2148.3
2026-05-09,114,3629,360,0,51,2163.42
2026-05-10,114,3498,362,0,53,2426.34
2026-05-11,114,3924,423,0,41,2014.74
2026-05-12,114,3794,425,0,44,2310
2026-05-13,114,3683,287,0,32,1142.4
2026-05-14,114,3595,295,0,35,1367.1
2026-05-15,114,3534,306,0,39,1654.38
2026-05-16,114,3011,273,0,36,1648.08
2026-05-17,114,3010,286,0,40,1965.6
2026-05-18,114,3528,350,0,52,2730
2026-05-19,114,3586,371,0,36,1285.2
2026-05-20,114,3671,396,0,41,1601.46
2026-05-21,114,3779,424,0,47,1993.74
2026-05-22,114,3907,304,0,36,1648.08
2026-05-23,114,3483,286,0,36,1769.04
2026-05-24,114,3612,312,0,42,2205
2026-05-25,114,4353,395,0,55,1963.5
2026-05-26,114,4503,428,0,63,2460.78
2026-05-27,114,4643,461,0,45,1908.9
2026-05-28,114,4768,494,0,52,2380.56
2026-05-29,114,4873,525,0,59,2899.26
2026-05-30,114,4260,478,0,57,2992.5
2026-05-31,114,4306,335,0,42,1499.4
2026-06-01,114,5030,413,0,55,2148.3
2026-06-02,114,5023,434,0,61,2587.62
2026-06-03,114,4986,452,0,67,3067.26
2026-06-04,114,4920,467,0,46,2260.44
2026-06-05,114,4828,479,0,50,2625
2026-06-06,114,4053,420,0,47,1677.9
2026-06-07,114,3939,425,0,51,1992.06
2026-06-08,114,4435,497,0,63,2672.46
2026-06-09,114,4283,334,0,45,2060.1
2026-06-10,114,4130,339,0,48,2358.72
2026-06-11,114,3983,344,0,51,2677.5
2026-06-12,114,3846,349,0,34,1213.8
2026-06-13,114,3205,304,0,32,1249.92
2026-06-14,114,3121,310,0,35,1484.7
2026-06-15,114,3556,368,0,44,2014.32
2026-06-16,114,3511,379,0,48,2358.72
2026-06-17,114,3496,392,0,52,2730
2026-06-18,114,3512,274,0,38,1356.6
2026-06-19,114,3558,292,0,43,1679.58
2026-06-20,114,3124,270,0,26,1102.92
2026-06-21,114,3209,291,0,30,1373.4
2026-06-22,114,3852,366,0,41,2014.74
2026-06-23,114,3989,396,0,47,2467.5
2026-06-24,114,4137,428,0,54,1927.8
2026-06-25,114,4290,463,0,62,2421.72
2026-06-26,114,4442,498,0,70,2969.4
2026-06-27,114,3944,307,0,45,2060.1
2026-06-28,114,4058,333,0,32,1572.48
2026-06-29,114,4832,418,0,44,2310
2026-04-06,115,8040,297,280.67,25,1593.75
2026-04-07,115,8240,321,303.35,28,1953
2026-04-08,115,8403,344,325.08,33,2499.75
2026-04-09,115,8522,366,345.87,37,3024.75
2026-04-10,115,8593,387,365.72,41,3597.75
2026-04-11,115,7406,348,328.86,39,3656.25
2026-04-12,115,7376,362,342.09,43,2741.25
2026-04-13,115,8492,434,410.13,54,3766.5
2026-04-14,115,8360,444,419.58,37,2802.75
2026-04-15,115,8185,302,285.39,27,2207.25
2026-04-16,115,7975,310,292.95,29,2544.75
2026-04-17,115,7738,317,299.56,32,3000
2026-04-18,115,6436,277,261.77,30,1912.5
2026-04-19,115,6210,279,263.66,31,2162.25
2026-04-20,115,6962,327,309.02,39,2954.25
2026-04-21,115,6717,329,310.91,41,3351.75
2026-04-22,115,6494,332,313.74,27,2369.25
2026-04-23,115,6304,335,316.58,30,2812.5
2026-04-24,115,6153,227,214.52,21,1338.75
2026-04-25,115,5201,202,190.89,20,1395
2026-04-26,115,5154,211,199.4,23,1742.25
2026-04-27,115,5989,257,242.87,29,2370.75
2026-04-28,115,6038,272,257.04,32,2808
2026-04-29,115,6137,289,273.11,36,3375
2026-04-30,115,6283,308,291.06,25,1593.75
2026-05-01,115,6469,330,311.85,29,2022.75
2026-05-02,115,5751,305,288.23,29,2196.75
2026-05-03,115,5961,220,207.9,22,1798.5
2026-05-04,115,7189,280,264.6,30,2632.5
2026-05-05,115,7451,305,288.23,34,3187.5
2026-05-06,115,7707,331,312.8,39,2486.25
2026-05-07,115,7947,358,338.31,45,3138.75
2026-05-08,115,8161,384,362.88,32,2424
2026-05-09,115,7173,352,332.64,31,2534.25
2026-05-10,115,7292,372,351.54,35,3071.25
2026-05-11,115,8569,455,429.98,46,4312.5
2026-05-12,115,8610,318,300.51,34,2167.5
2026-05-13,115,8598,335,316.58,38,2650.5
2026-05-14,115,8534,349,329.81,41,3105.75
2026-05-15,115,8421,362,342.09,45,3678.75
2026-05-16,115,7106,320,302.4,26,2281.5
2026-05-17,115,6937,326,308.07,29,2718.75
2026-05-18,115,7839,385,363.83,36,2295
2026-05-19,115,7591,388,366.66,39,2720.25
2026-05-20,115,7331,389,367.61,42,3181.5
2026-05-21,115,7069,261,246.65,29,2370.75
2026-05-22,115,6817,265,250.43,31,2720.25
2026-05-23,115,5662,232,219.24,29,2718.75
2026-05-24,115,5486,236,223.02,19,1211.25
2026-05-25,115,6211,279,263.66,25,1743.75
2026-05-26,115,6086,286,270.27,27,2045.25
2026-05-27,115,6009,295,278.78,30,2452.5
2026-05-28,115,5984,306,289.17,33,2895.75
2026-05-29,115,6012,319,301.46,36,3375
2026-05-30,115,5238,193,182.39,23,1466.25
2026-05-31,115,5347,208,196.56,26,1813.5
2026-06-01,115,6387,262,247.59,22,1666.5
2026-06-02,115,6593,283,267.44,25,2043.75
2026-06-03,115,6827,307,290.12,29,2544.75
2026-06-04,115,7080,333,314.69,34,3187.5
2026-06-05,115,7342,360,340.2,38,2422.5
2026-06-06,115,6538,334,315.63,38,2650.5
2026-06-07,115,6751,358,338.31,43,3257.25
2026-06-08,115,8076,298,281.61,37,3024.75
2026-06-09,115,8271,322,304.29,27,2369.25
2026-06-10,115,8427,345,326.03,31,2906.25
2026-06-11,115,8538,367,346.81,35,2231.25
2026-06-12,115,8599,387,365.72,39,2720.25
2026-06-13,115,7404,348,328.86,37,2802.75
2026-06-14,115,7367,361,341.15,41,3351.75
2026-06-15,115,8473,433,409.19,51,4475.25
2026-06-16,115,8333,442,417.69,55,5156.25
2026-06-17,115,8152,301,284.44,25,1593.75
2026-06-18,115,7937,309,292,27,1883.25
2026-06-19,115,7696,315,297.68,30,2272.5
2026-06-20,115,6398,275,259.88,28,2289
2026-06-21,115,6172,278,262.71,30,2632.5
2026-06-22,115,6920,325,307.13,37,3468.75
2026-06-23,115,6677,328,309.96,39,2486.25
2026-06-24,115,6460,330,311.85,41,2859.75
2026-06-25,115,6276,333,314.69,27,2045.25
2026-06-26,115,6132,226,213.57,20,1635
2026-06-27,115,5190,202,190.89,19,1667.25
2026-06-28,115,5150,211,199.4,21,1968.75
2026-06-29,115,5994,258,243.81,28,1785
2026-04-14,116,12466,286,201.8,15,701.25
2026-04-15,116,12712,308,217.32,17,869.55
2026-04-16,116,12892,328,231.44,20,1111
2026-04-17,116,12998,348,245.55,22,1318.9
2026-04-18,116,11203,314,221.56,21,1351.35
2026-04-19,116,11159,327,230.73,23,1581.25
2026-04-20,116,12847,392,276.6,30,1402.5
2026-04-21,116,12647,402,283.65,32,1636.8
2026-04-22,116,12382,409,288.59,21,1166.55
2026-04-23,116,12064,277,195.45,16,959.2
2026-04-24,116,11706,284,200.39,17,1093.95
2026-04-25,116,9736,248,174.99,16,1100
2026-04-26,116,9395,251,177.11,17,794.75
2026-04-27,116,10532,295,208.15,21,1074.15
2026-04-28,116,10161,297,209.56,22,1222.1
2026-04-29,116,9824,300,211.68,24,1438.8
2026-04-30,116,9536,303,213.8,16,1029.6
2026-05-01,116,9308,308,217.32,17,1168.75
2026-05-02,116,7868,181,127.71,11,514.25
2026-05-03,116,7796,189,133.36,12,613.8
2026-05-04,116,9060,231,162.99,16,888.8
2026-05-05,116,9134,244,172.17,18,1079.1
2026-05-06,116,9284,260,183.46,20,1287
2026-05-07,116,9504,278,196.16,22,1512.5
2026-05-08,116,9786,299,210.97,16,748
2026-05-09,116,8700,276,194.75,16,818.4
2026-05-10,116,9017,298,210.27,18,999.9
2026-05-11,116,10875,250,176.4,16,959.2
2026-05-12,116,11272,273,192.63,19,1222.65
2026-05-13,116,11659,297,209.56,21,1443.75
2026-05-14,116,12022,321,226.5,24,1122
2026-05-15,116,12346,346,244.14,27,1381.05
2026-05-16,116,10851,318,224.38,17,944.35
2026-05-17,116,11030,337,237.79,19,1139.05
2026-05-18,116,12963,412,290.71,25,1608.75
2026-05-19,116,13024,430,303.41,28,1925
2026-05-20,116,13006,299,210.97,20,935
2026-05-21,116,12909,313,220.85,22,1125.3
2026-05-22,116,12738,325,229.32,25,1388.75
2026-05-23,116,10749,287,202.51,23,1378.85
2026-05-24,116,10494,294,207.45,15,965.25
2026-05-25,116,11859,347,244.84,20,1375
2026-05-26,116,11483,350,246.96,21,981.75
2026-05-27,116,11089,352,248.37,23,1176.45
2026-05-28,116,10694,353,249.08,24,1333.2
2026-05-29,116,10312,237,167.23,17,1019.15
2026-05-30,116,8565,207,146.06,16,1029.6
2026-05-31,116,8298,211,148.88,17,1168.75
2026-06-01,116,9395,251,177.11,13,607.75
2026-06-02,116,9206,258,182.04,15,767.25
2026-06-03,116,9091,266,187.69,16,888.8
2026-06-04,116,9053,276,194.75,18,1079.1
2026-06-05,116,9094,289,203.92,20,1287
2026-06-06,116,7923,262,184.87,19,1306.25
2026-06-07,116,8088,186,131.24,14,654.5
2026-06-08,116,9662,234,165.11,19,971.85
2026-06-09,116,9974,254,179.22,13,722.15
2026-06-10,116,10328,276,194.75,16,959.2
2026-04-22,117,24906,204,90.82,5,318.75
2026-04-23,117,25259,218,97.05,6,418.5
2026-04-24,117,25467,232,103.29,7,530.25
2026-04-25,117,21949,210,93.49,7,572.25
2026-04-26,117,21863,219,97.5,7,614.25
2026-04-27,117,25170,263,117.09,9,843.75
2026-04-28,117,24778,270,120.2,10,637.5
2026-04-29,117,24260,275,122.43,11,767.25
2026-04-30,117,23637,279,124.21,7,530.25
2026-05-01,117,22934,188,83.7,5,408.75
2026-05-02,117,19074,165,73.46,5,438.75
2026-05-03,117,18406,167,74.35,5,468.75
2026-05-04,117,20635,197,87.7,7,446.25
2026-05-05,117,19907,199,88.59,7,488.25
2026-05-06,117,19248,201,89.49,8,606
2026-05-07,117,18683,204,90.82,8,654
2026-05-08,117,18237,207,92.16,5,438.75
2026-05-09,117,15416,182,81.03,5,468.75
2026-05-10,117,15275,125,55.65,4,255
2026-05-11,117,17752,154,68.56,5,348.75
2026-05-12,117,17897,163,72.57,6,454.5
2026-05-13,117,18190,174,77.46,6,490.5
2026-05-14,117,18621,186,82.81,7,614.25
2026-05-15,117,19172,200,89.04,8,750
2026-05-16,117,17046,186,82.81,5,318.75
2026-05-17,117,17666,201,89.49,6,418.5
2026-05-18,117,21306,251,111.75,8,606
2026-05-19,117,22084,181,80.58,6,490.5
2026-05-20,117,22843,198,88.15,7,614.25
2026-05-21,117,23554,214,95.27,8,750
2026-05-22,117,24188,231,102.84,9,573.75
2026-05-23,117,21259,213,94.83,8,558
2026-05-24,117,21611,226,100.62,6,454.5
2026-05-25,117,25398,277,123.32,8,654
2026-05-26,117,25518,290,129.11,9,789.75
2026-05-27,117,25482,301,134.01,10,937.5
2026-05-28,117,25293,207,92.16,7,446.25
2026-05-29,117,24957,216,96.16,8,558
2026-05-30,117,21061,192,85.48,7,530.25
2026-05-31,117,20560,196,87.26,8,654
2026-06-01,117,23235,232,103.29,6,526.5
2026-06-02,117,22498,235,104.62,7,656.25
2026-06-03,117,21726,237,105.51,7,446.25
2026-06-04,117,20951,238,105.96,8,558
2026-06-05,117,20203,238,105.96,8,606
2026-06-06,117,16780,138,61.44,5,408.75
2026-06-07,117,16258,141,62.77,5,438.75
2026-06-08,117,18407,168,74.79,7,656.25
2026-06-09,117,18037,172,76.57,5,318.75
2026-06-10,117,17811,178,79.25,5,348.75
2026-06-11,117,17737,185,82.36,6,45.3
2026-06-12,117,17818,194,86.37,6,47.5
2026-06-13,117,15524,176,78.36,6,526.5
2026-06-14,117,15847,187,83.25,7,656.25
2026-06-15,117,18930,155,69.01,6,382.5
2026-06-16,117,19541,169,75.24,7,488.25
2026-06-17,117,20235,184,81.92,5,378.75
2026-06-18,117,20985,200,89.04,6,490.5
2026-06-19,117,21761,218,97.05,7,614.25
2026-06-20,117,19377,202,89.93,6,562.5
2026-06-21,117,20009,218,97.05,7,446.25
2026-06-22,117,23935,272,121.09,10,697.5
2026-06-23,117,24513,289,128.66,11,833.25
2026-06-24,117,24975,205,91.27,8,654
2026-06-25,117,25304,219,97.5,6,526.5
2026-06-26,117,25487,232,103.29,7,656.25
2026-06-27,117,21944,210,93.49,6,382.5
2026-06-28,117,21835,218,97.05,7,488.25
2026-06-29,117,25114,262,116.64,9,681.75
2026-05-01,118,14772,339,278.25,18,841.5
2026-05-02,118,12809,310,254.45,17,869.55
2026-05-03,118,12836,327,268.4,20,1111
2026-05-04,118,14867,398,326.68,25,1498.75
2026-05-05,118,14720,412,338.17,28,1801.8
2026-05-06,118,14491,424,348.02,30,2062.5
2026-05-07,118,14188,433,355.41,33,1542.75
2026-05-08,118,13824,439,360.33,35,1790.25
2026-05-09,118,11535,381,312.72,20,1111
2026-05-10,118,11155,256,210.12,14,839.3
2026-05-11,118,12517,303,248.7,18,1158.3
2026-05-12,118,12068,307,251.99,20,1375
2026-05-13,118,11642,311,255.27,21,981.75
2026-05-14,118,11257,315,258.55,23,1176.45
2026-05-15,118,10927,320,262.66,24,1333.2
2026-05-16,118,9172,280,229.82,22,1318.9
2026-05-17,118,9016,287,235.57,15,965.25
2026-05-18,118,10387,343,281.53,19,1306.25
2026-05-19,118,10382,238,195.35,14,654.5
2026-05-20,118,10467,254,208.48,16,818.4
2026-05-21,118,10638,271,222.44,18,999.9
2026-05-22,118,10890,291,238.85,21,1258.95
2026-05-23,118,9643,270,221.62,20,1287
2026-05-24,118,9969,292,239.67,23,1581.25
2026-05-25,118,12014,367,301.23,19,888.25
2026-05-26,118,12461,396,325.04,22,1125.3
2026-05-27,118,12915,427,350.48,26,1444.3
2026-05-28,118,13359,307,251.99,20,1199
2026-05-29,118,13775,334,274.15,23,1480.05
2026-05-30,118,12166,310,254.45,22,1512.5
2026-05-31,118,12433,332,272.51,25,1168.75
2026-06-01,118,14696,411,337.35,33,1687.95
2026-06-02,118,14854,435,357.05,23,1277.65
2026-06-03,118,14924,455,373.46,26,1558.7
2026-06-04,118,14903,474,389.06,29,1866.15
2026-06-05,118,14792,489,401.37,31,2131.25
2026-06-06,118,12552,288,236.39,20,935
2026-06-07,118,12317,298,244.6,21,1074.15
2026-06-08,118,13982,356,292.2,27,1499.85
2026-06-09,118,13588,363,297.95,29,1738.55
2026-06-10,118,13158,368,302.05,19,1222.65
2026-06-11,118,12706,372,305.34,21,1443.75
2026-06-12,118,12253,374,306.98,23,1075.25
2026-06-13,118,10161,323,265.12,21,1074.15
2026-06-14,118,9814,324,265.94,22,1222.1
2026-06-15,118,11056,254,208.48,18,1079.1
2026-06-16,118,10765,261,214.23,20,1287
2026-06-17,118,10549,269,220.8,21,1443.75
2026-06-18,118,10416,279,229,15,701.25
2026-06-19,118,10373,290,238.03,16,818.4
2026-06-20,118,8962,262,215.05,16,888.8
2026-06-21,118,9079,277,227.36,18,1079.1
2026-06-22,118,10776,342,280.71,23,1480.05
2026-06-23,118,11071,366,300.41,26,1787.5
2026-06-24,118,11428,262,215.05,20,935
2026-06-25,118,11834,287,235.57,23,1176.45
2026-06-26,118,12273,313,256.91,16,888.8
2026-06-27,118,10945,293,240.49,17,1019.15
2026-06-28,118,11332,317,260.19,19,1222.65
2026-06-29,118,13607,398,326.68,25,1718.75
2026-06-01,119,9594,354,453.47,29,1848.75
2026-06-02,119,9937,387,495.75,34,2371.5
2026-06-03,119,10266,420,538.02,40,3030
2026-06-04,119,10569,454,581.57,46,3760.5
2026-06-05,119,10833,487,623.85,52,4563
2026-06-06,119,9501,447,572.61,50,4687.5
2026-06-07,119,9635,473,605.91,56,3570
2026-06-08,119,11296,577,739.14,72,5022
2026-06-09,119,11320,601,769.88,50,3787.5
2026-06-10,119,11276,416,532.9,37,3024.75
2026-06-11,119,11164,435,557.24,41,3597.75
2026-06-12,119,10990,450,576.45,45,4218.75
2026-06-13,119,9254,398,509.84,42,2677.5
2026-06-14,119,9016,406,520.09,46,3208.5
2026-06-15,119,10172,478,612.32,57,4317.75
2026-06-16,119,9838,483,618.72,60,4905
2026-06-17,119,9493,485,621.28,40,3510
2026-06-18,119,9153,486,622.57,43,4031.25
2026-06-19,119,8830,326,417.61,31,1976.25
2026-06-20,119,7342,286,366.37,29,2022.75
2026-06-21,119,7127,292,374.05,31,2348.25
2026-06-22,119,8089,348,445.79,39,3188.25
2026-06-23,119,7951,358,458.6,43,3773.25
2026-06-24,119,7878,370,473.97,46,4312.5
2026-06-25,119,7874,386,494.47,32,2040
2026-06-26,119,7938,405,518.8,36,2511
2026-06-27,119,6939,368,471.41,35,2651.25
2026-06-28,119,7103,262,335.62,26,2125.5
2026-06-29,119,8504,331,424.01,35,3071.25
2026-05-05,120,4416,344,0,34,1213.8
2026-05-06,120,4563,375,0,39,1523.34
2026-05-07,120,4697,406,0,45,1908.9
2026-05-08,120,4815,437,0,52,2380.56
2026-05-09,120,4222,401,0,51,2506.14
2026-05-10,120,4282,425,0,57,2992.5
2026-05-11,120,5020,520,0,73,2606.1
2026-05-12,120,5031,542,0,80,3124.8
2026-05-13,120,5011,562,0,55,2333.1
2026-05-14,120,4962,387,0,40,1831.2
2026-05-15,120,4885,401,0,45,2211.3
2026-05-16,120,4113,356,0,42,2205
2026-05-17,120,4007,364,0,46,1642.2
2026-05-18,120,4521,429,0,57,2226.42
2026-05-19,120,4372,434,0,61,2587.62
2026-05-20,120,4219,437,0,64,2929.92
2026-05-21,120,4068,439,0,43,2113.02
2026-05-22,120,3924,440,0,46,2415
2026-05-23,120,3263,254,0,28,999.6
2026-05-24,120,3167,260,0,31,1210.86
2026-05-25,120,3595,311,0,39,1654.38
2026-05-26,120,3534,321,0,43,1968.54
2026-05-27,120,3501,333,0,47,2309.58
2026-05-28,120,3499,347,0,51,2677.5
2026-05-29,120,3528,365,0,36,1285.2
2026-05-30,120,3084,333,0,35,1367.1
2026-05-31,120,3157,354,0,40,1696.8
2026-06-01,120,3779,294,0,35,1602.3
2026-06-02,120,3907,321,0,40,1965.6
2026-06-03,120,4050,350,0,47,2467.5
2026-06-04,120,4200,381,0,53,1892.1
2026-06-05,120,4353,414,0,61,2382.66
2026-06-06,120,3873,384,0,37,1569.54
2026-06-07,120,3993,413,0,43,1968.54
2026-06-08,120,4768,514,0,57,2800.98
2026-06-09,120,4873,546,0,65,3412.5
2026-06-10,120,4954,386,0,49,1749.3
2026-06-11,120,5007,411,0,55,2148.3
2026-06-12,120,5030,435,0,61,2587.62
2026-06-13,120,4320,392,0,58,2655.24
2026-06-14,120,4288,407,0,40,1965.6
2026-06-15,120,4920,488,0,51,2677.5
2026-06-16,120,4828,500,0,56,1999.2
2026-06-17,120,4713,508,0,60,2343.6
2026-06-18,120,4580,513,0,65,2757.3
2026-06-19,120,4435,345,0,46,2105.88
2026-06-20,120,3683,303,0,43,2113.02
2026-06-21,120,3552,307,0,45,2362.5
2026-06-22,120,3983,361,0,35,1249.5
2026-06-23,120,3846,365,0,38,1484.28
2026-06-24,120,3727,370,0,41,1739.22
2026-06-25,120,3629,376,0,45,2060.1
2026-06-26,120,3556,383,0,48,2358.72
2026-06-27,120,3020,339,0,45,2362.5
2026-06-28,120,3007,234,0,33,1178.1
2026-06-29,120,3512,289,0,43,1679.58
